{
  "tests": [
    {
      "name": "print_digits 1",
      "setup": "g++ -std=c++14 7-print_digits.cpp",
      "run": "./a.out",
      "input": "123",
      "output": "0 1 2 3",
      "comparison": "included",
      "timeout": 1,
      "points": 1
    },
    {
      "name": "print_digits 1",
      "setup": "g++ -std=c++14 7-print_digits.cpp",
      "run": "./a.out",
      "input": "4532",
      "output": "4 5 3 2",
      "comparison": "included",
      "timeout": 1,
      "points": 1
    },
    {
      "name": "babilonian 1",
      "setup": "g++ -std=c++14 8-babilonian_sqrt.cpp",
      "run": "./a.out",
      "input": "2",
      "output": "2 1.416666666666667e+00",
      "comparison": "included",
      "timeout": 1,
      "points": 1
    },
    {
      "name": "babilonian 2",
      "setup": "2 1.416666666666667e+00",
      "run": "./a.out",
      "input": "6",
      "output": "6 1.414213562373095e+00",
      "comparison": "included",
      "timeout": 1,
      "points": 1
    },
    {
      "name": "prime 1",
      "setup": "g++ -std=c++14 10-prime.cpp",
      "run": "./a.out",
      "input": "500167",
      "output": "1",
      "comparison": "included",
      "timeout": 1,
      "points": 1
    },
    {
      "name": "primes 2",
      "setup": "g++ -std=c++14 10-prime.cpp",
      "run": "./a.out",
      "input": "80000388",
      "output": "0",
      "comparison": "included",
      "timeout": 1,
      "points": 1
    },
    {
      "name": "11 largest prime 1",
      "setup": "g++ -std=c++14 11-largest_prime.cpp",
      "run": "./a.out",
      "input": "500168",
      "output": "500167",
      "comparison": "included",
      "timeout": 1,
      "points": 1
    },
    {
      "name": "largest_prime 2",
      "setup": "g++ -std=c++14 11-largest_prime.cpp",
      "run": "./a.out",
      "input": "8000038",
      "output": "8000033",
      "comparison": "included",
      "timeout": 1,
      "points": 1
    }
  ]
}